6798seven;Digits found: ['6', '7']; Number;67
six8b32csscsdgjsevenfivedlhzhc;Digits found: ['6', '5']; Number;65
fcvvkvjjnhfivesixfiveninesxlvnhfckc54;Digits found: ['5', '4']; Number;54
feightwo4twofivefour;Digits found: ['8', '4']; Number;84
cgpzm2sevenone68636;Digits found: ['2', '6']; Number;26
498879;Digits found: ['4', '9']; Number;49
fivetwo2plltvdfourhhgrfn;Digits found: ['5', '4']; Number;54
onertxzlzdnxn2seven;Digits found: ['1', '7']; Number;17
ninethree4v1five;Digits found: ['9', '5']; Number;95
5pnnss16lzbsmcckeightdseven;Digits found: ['5', '7']; Number;57
jthree249four2cjzqmmbrqnnine;Digits found: ['3', '9']; Number;39
foursixfourfbgvqm1rchdlmzhtzqqfjzpmln;Digits found: ['4', '1']; Number;41
twojtwoscbrtgmnqzvbfbzvrtkxhmf76nine;Digits found: ['2', '9']; Number;29
2fourtwo;Digits found: ['2', '2']; Number;22
svxz8bjvt5zzvjzhkmtmnnft92;Digits found: ['8', '2']; Number;82
threetffnjvkfh81nineqqshzdf2vtjfqjtbdv;Digits found: ['3', '2']; Number;32
seven1drfivethreedpqflxgdshlzmmnrb;Digits found: ['7', '3']; Number;73
7sggjxkcxfourthreefourtwos3nine;Digits found: ['7', '9']; Number;79
39t6rvkbdnfpssj6djnfbqklkgfsqbf;Digits found: ['3', '6']; Number;36
3four2zcfvtplkrbeight274;Digits found: ['3', '4']; Number;34
one7sixninesix;Digits found: ['1', '6']; Number;16
kkxmtmdthree6jrj6;Digits found: ['3', '6']; Number;36
81sevenmnine1llbqrsprc;Digits found: ['8', '1']; Number;81
5nine9qgjceight;Digits found: ['5', '8']; Number;58
three1sdmq9sevenfournine;Digits found: ['3', '9']; Number;39
khnlbmzhvlsix3;Digits found: ['6', '3']; Number;63
nineone6onesixvlnlxeightfive;Digits found: ['9', '5']; Number;95
schplznseveneightnlcxgr7four;Digits found: ['7', '4']; Number;74
6one1djcdmpdrgq3two;Digits found: ['6', '2']; Number;62
fourzhpnphmq52r813four;Digits found: ['4', '4']; Number;44
scsxjthreefoureight2fivepfmpfj8;Digits found: ['3', '8']; Number;38
69xvbxfffmr7one8gmch8;Digits found: ['6', '8']; Number;68
one8tfpgrdhm;Digits found: ['1', '8']; Number;18
2gxmhtfrbrkpdvlvsmdqrktxtrpssbrv933;Digits found: ['2', '3']; Number;23
4vfrtkdqlbtwordlbppsssp;Digits found: ['4', '2']; Number;42
2cjmtvnzpbkdcq5twofourtwo;Digits found: ['2', '2']; Number;22
2three5onetwogpfqtszbjh;Digits found: ['2', '2']; Number;22
hgvnine9four996;Digits found: ['9', '6']; Number;96
37142745;Digits found: ['3', '5']; Number;35
four73;Digits found: ['4', '3']; Number;43
8552ztclnd;Digits found: ['8', '2']; Number;82
onevmpd76eighth;Digits found: ['1', '8']; Number;18
threethree8;Digits found: ['3', '8']; Number;38
bgtwonedrmc35;Digits found: ['2', '5']; Number;25
23one;Digits found: ['2', '1']; Number;21
9lpxzhkck2five3qone9zgxzrzd;Digits found: ['9', '9']; Number;99
hs1;Digits found: ['1', '1']; Number;11
92xhflsixltpqprpfggbzrvmfqone4;Digits found: ['9', '4']; Number;94
eight9sevenpcxvl6two1;Digits found: ['8', '1']; Number;81
rceightwo6jc1nvllxsstqgnlhtl4;Digits found: ['8', '4']; Number;84
tlnhlsixfn3lbdlqztmkthreedllfourone;Digits found: ['6', '1']; Number;61
74five;Digits found: ['7', '5']; Number;75
dcfpstvxnd52kdqhlht;Digits found: ['5', '2']; Number;52
7onenine;Digits found: ['7', '9']; Number;79
2twothreehdzssrt1;Digits found: ['2', '1']; Number;21
eightseveneight54xflfspthreefsfbtbslx;Digits found: ['8', '3']; Number;83
4ffsfsvkxslvp;Digits found: ['4', '4']; Number;44
939flgbmvzpvfsmtcsix3;Digits found: ['9', '3']; Number;93
742;Digits found: ['7', '2']; Number;72
qcfive72plvnd7;Digits found: ['5', '7']; Number;57
5hhd8onejbsfklmpzcgffivenine;Digits found: ['5', '9']; Number;59
twodsmjkhdxjdgktlrteightseven2cttnpjsv;Digits found: ['2', '2']; Number;22
31kptdmtwojrgp;Digits found: ['3', '2']; Number;32
dnnmrflcft92;Digits found: ['9', '2']; Number;92
7gtglplfkrnine85xm7;Digits found: ['7', '7']; Number;77
voneightznktfvmxlhnine1seven4z;Digits found: ['1', '4']; Number;14
24sevenncdmcpkrvnxlbeightsixlrvns;Digits found: ['2', '6']; Number;26
38prmrxcm5;Digits found: ['3', '5']; Number;35
4vhncsevenjgvjllppvcfmvrlsdtkqcldpq;Digits found: ['4', '7']; Number;47
81phvtb;Digits found: ['8', '1']; Number;81
5l7twoeightlr;Digits found: ['5', '8']; Number;58
8xfqbnone5;Digits found: ['8', '5']; Number;85
62737sixfourdfqvdcone;Digits found: ['6', '1']; Number;61
seven1two;Digits found: ['7', '2']; Number;72
79qncxqcj1one3;Digits found: ['7', '3']; Number;73
69four3two7six2six;Digits found: ['6', '6']; Number;66
six499;Digits found: ['6', '9']; Number;69
gknlkqvntvmsjzlfb7one;Digits found: ['7', '1']; Number;71
honeightmjlmvmbxsmjzg77;Digits found: ['1', '7']; Number;17
6seven15;Digits found: ['6', '5']; Number;65
five59two91;Digits found: ['5', '1']; Number;51
gmhhtq9368gtsdg;Digits found: ['9', '8']; Number;98
nlmbvxckjtwofourfjnine47threefive;Digits found: ['2', '5']; Number;25
93eightnpkjf26one4;Digits found: ['9', '4']; Number;94
qcslmgkkgbsnrr6ninennr;Digits found: ['6', '9']; Number;69
8381three2threeone;Digits found: ['8', '1']; Number;81
7hnqndhs8;Digits found: ['7', '8']; Number;78
qd65;Digits found: ['6', '5']; Number;65
twogtlrqrlvfourfour5qsixdjhvqvdlljnvbtkq;Digits found: ['2', '6']; Number;26
6seven8ldvkz;Digits found: ['6', '8']; Number;68
gf14sevenrv;Digits found: ['1', '7']; Number;17
2fourpkzdklbvm2;Digits found: ['2', '2']; Number;22
four26jsrbsrxdlmzntsxgg;Digits found: ['4', '6']; Number;46
tghcz8fourthree;Digits found: ['8', '3']; Number;83
threethree8hzlvpjzxcdfvcpjbmc942;Digits found: ['3', '2']; Number;32
jktsix2cprnhkkktjcvkvtkdggvrscf;Digits found: ['6', '2']; Number;62
dzhh82;Digits found: ['8', '2']; Number;82
nine8tsix;Digits found: ['9', '6']; Number;96
9fivernlsl6jvfrljzjg;Digits found: ['9', '6']; Number;96
52d;Digits found: ['5', '2']; Number;52
threethree556nine;Digits found: ['3', '9']; Number;39
g2twoblhhptzdqbbnnrpseven5;Digits found: ['2', '5']; Number;25
jfive8;Digits found: ['5', '8']; Number;58
eighttwotwofiveqdfr9;Digits found: ['8', '9']; Number;89
kqxncc74sjttqklx3lxpffbdlthreetwooneightnb;Digits found: ['7', '8']; Number;78
1xpvjzvplfjdsjqrtmzbknine;Digits found: ['1', '9']; Number;19
five4r6five;Digits found: ['5', '5']; Number;55
72eight;Digits found: ['7', '8']; Number;78
1kzvxckdbjjpprrqn4eight6onebsdmrcxqznjtbnh;Digits found: ['1', '1']; Number;11
htwocglz3jggvkcbzvtconeeight7;Digits found: ['2', '7']; Number;27
twozspgcxf5bhx;Digits found: ['2', '5']; Number;25
ntglpd1six1bv1;Digits found: ['1', '1']; Number;11
5zxgrdlhkmzsix47t43;Digits found: ['5', '3']; Number;53
kfrnghxgfzpjxmstwofourkzvcsksixfive1;Digits found: ['2', '1']; Number;21
grnd423;Digits found: ['4', '3']; Number;43
8f;Digits found: ['8', '8']; Number;88
1xcqchtnsix4tvtffone;Digits found: ['1', '1']; Number;11
bxlbtwotwoeight9twoseveneight;Digits found: ['2', '8']; Number;28
7ldngmndg96pjnfour;Digits found: ['7', '4']; Number;74
five4threexp;Digits found: ['5', '3']; Number;53
mtwonexp7nine3z9;Digits found: ['2', '9']; Number;29
8kg95ninesixtwonem;Digits found: ['8', '1']; Number;81
sixpmvfoursevenz8m;Digits found: ['6', '8']; Number;68
vrszvbtvtr28pzcjxkztzhvmtqvhnqf3;Digits found: ['2', '3']; Number;23
1gsbtwopjkrrqc1one;Digits found: ['1', '1']; Number;11
tbmsix93;Digits found: ['6', '3']; Number;63
n4;Digits found: ['4', '4']; Number;44
kffgtgcl866364;Digits found: ['8', '4']; Number;84
one4qgkzthpmeight8eightfourkdcnpxv6;Digits found: ['1', '6']; Number;16
cfhlmng21five;Digits found: ['2', '5']; Number;25
8lhcseven9vksfgpvlnfq3bglktc;Digits found: ['8', '3']; Number;83
twocc2rpflzhqseventhree;Digits found: ['2', '3']; Number;23
six1fourfivefive5onesnpz;Digits found: ['6', '1']; Number;61
1ffqfxh75flgjqcx;Digits found: ['1', '5']; Number;15
fourthree1twortvlvcsvs2;Digits found: ['4', '2']; Number;42
8rxrpvxthreestbbpcszhnbrsfour;Digits found: ['8', '4']; Number;84
6qdkshgrsjxxsvpmnjxnzmcone71fckgjbrsnq;Digits found: ['6', '1']; Number;61
8568three2eight;Digits found: ['8', '8']; Number;88
1khdqskj;Digits found: ['1', '1']; Number;11
onebdfour6;Digits found: ['1', '6']; Number;16
dpcpqnineqjnfzffsb5tj1ccm4four;Digits found: ['9', '4']; Number;94
nsrvffqhd67sixtwoseventwohdgh3;Digits found: ['6', '3']; Number;63
nvsscfour973fsngxbm6;Digits found: ['4', '6']; Number;46
93zzrgmsqtlckzrnbbk4seven;Digits found: ['9', '7']; Number;97
3seventhreexpfrrfpfiverv7;Digits found: ['3', '7']; Number;37
threeeightfourfoureightnine1one8;Digits found: ['3', '8']; Number;38
7onethreefour33cghone;Digits found: ['7', '1']; Number;71
sevenfivesixseven2;Digits found: ['7', '2']; Number;72
jgbgmcx76qc;Digits found: ['7', '6']; Number;76
zxbpvj7;Digits found: ['7', '7']; Number;77
21xlcgpshvth96fourtwokcvmhcdtxnm;Digits found: ['2', '2']; Number;22
foursix2;Digits found: ['4', '2']; Number;42
6three9nine4sevennine;Digits found: ['6', '9']; Number;69
dqnhdnine3;Digits found: ['9', '3']; Number;93
seven58vzcxqmffive7;Digits found: ['7', '7']; Number;77
xdmeightwomncvnkdkpxtwoonenineseven1tclckshvptwo;Digits found: ['8', '2']; Number;82
gsdff22fivethreebn;Digits found: ['2', '3']; Number;23
one7gd;Digits found: ['1', '7']; Number;17
jcz8xxfdlphz5threepzmjqzfb39qllhvcqj;Digits found: ['8', '9']; Number;89
fivesvjdbqlvgnvkcklszeightcjhdjxdvchfive9;Digits found: ['5', '9']; Number;59
9sfgxbtcgbk;Digits found: ['9', '9']; Number;99
six4zvfivelxfghffvq9bfkshrkmbn;Digits found: ['6', '9']; Number;69
sdtxjnnjjp3fivejsll5;Digits found: ['3', '5']; Number;35
tpeightwozhzqxjstneightsixgbjlmsjfls6tlc;Digits found: ['8', '6']; Number;86
668ninenine;Digits found: ['6', '9']; Number;69
three7two;Digits found: ['3', '2']; Number;32
gtskqnine1seven862mm;Digits found: ['9', '2']; Number;92
487jsqqfkzfcs2lthng7five;Digits found: ['4', '5']; Number;45
gjks7;Digits found: ['7', '7']; Number;77
lfnqzjphssevenone2qvfiveninexhr;Digits found: ['7', '9']; Number;79
fvfgnddffhjjfour9six9;Digits found: ['4', '9']; Number;49
ttkmtncjc9five5eight3;Digits found: ['9', '3']; Number;93
3seven24426four;Digits found: ['3', '4']; Number;34
two9jnd5eight;Digits found: ['2', '8']; Number;28
threeonevmzqdxvjlqxgzqone1hcpqsd43;Digits found: ['3', '3']; Number;33
tfzzzjjbx7oneeightbqthree;Digits found: ['7', '3']; Number;73
68onerrpvsixvkmnrndq;Digits found: ['6', '6']; Number;66
jbjljljmtwoqgt3kpvdkdsixone;Digits found: ['2', '1']; Number;21
kxvbxzzxrfour2slfjkkgq555gxfsix;Digits found: ['4', '6']; Number;46
three9tsthree;Digits found: ['3', '3']; Number;33
eighttbtdg2sevenxsqsq;Digits found: ['8', '7']; Number;87
seven213jbqmvmvvhsixrfqhlfive;Digits found: ['7', '5']; Number;75
nsvcdhkbdmxqbkthree28ztjtlsqprcplmx;Digits found: ['3', '8']; Number;38
4lntqfk4tkmmgkvrcninenineonelpjtq;Digits found: ['4', '1']; Number;41
221eightqfp7eightzshhl;Digits found: ['2', '8']; Number;28
vppzgrsix1fmvpcpkvsvppspqcsixone;Digits found: ['6', '1']; Number;61
5lhcrxclclcsix4;Digits found: ['5', '4']; Number;54
qhone2mhhxqqdl73seven5;Digits found: ['1', '5']; Number;15
5three9hdnfrgfjsfive7;Digits found: ['5', '7']; Number;57
grcfbvfkj4;Digits found: ['4', '4']; Number;44
487mzcgxvxqgx;Digits found: ['4', '7']; Number;47
four8nine3four3lpqnclxzzbmjztbhdfdjfive;Digits found: ['4', '5']; Number;45
3six6kbrvjjsndlxvsz5qcfmtzsqlmqbrn;Digits found: ['3', '5']; Number;35
klcx6eightsix2onesixthree;Digits found: ['6', '3']; Number;63
8ztdfdglxhjxmmvktwolsrr5six7;Digits found: ['8', '7']; Number;87
9two66three;Digits found: ['9', '3']; Number;93
6threesixtgnznd;Digits found: ['6', '6']; Number;66
ggglpldvkkhgmrgt3;Digits found: ['3', '3']; Number;33
9kktwo3srdtpskbbx446;Digits found: ['9', '6']; Number;96
7xmrfkbsr5nzqfgseveneightcbshpfour;Digits found: ['7', '4']; Number;74
six5eightseven5gzsjfthree21;Digits found: ['6', '1']; Number;61
2897cgv;Digits found: ['2', '7']; Number;27
dffvs7zrlrvlkjcfourjxsndkzq4;Digits found: ['7', '4']; Number;74
eight22blzxvvshgtqlqpqhsixctp;Digits found: ['8', '6']; Number;86
three8bgjhkvnbdvbttblp1fivenxslnseven;Digits found: ['3', '7']; Number;37
3one21x73twongdnb;Digits found: ['3', '2']; Number;32
kfzzhhctgrlznqcdvzshlfive56pdqx;Digits found: ['5', '6']; Number;56
cfsthhgvgfddmsjn83sjrrkxzl;Digits found: ['8', '3']; Number;83
four99tfvbtxgfqrlhcdktmp;Digits found: ['4', '9']; Number;49
3rfhfgcf8six2;Digits found: ['3', '2']; Number;32
onexsbxqmqkj3hrblqnfrseven;Digits found: ['1', '7']; Number;17
hfgnvtdzzb51gtljm9eight;Digits found: ['5', '8']; Number;58
zprhsph3;Digits found: ['3', '3']; Number;33
sixsevennine2four715nine;Digits found: ['6', '9']; Number;69
fzxzkcvcxl4;Digits found: ['4', '4']; Number;44
lcnkqqsrtwogcbvxrtfp2five5three2;Digits found: ['2', '2']; Number;22
7ninesix9jxhrdqrpr94;Digits found: ['7', '4']; Number;74
lxpqxseven2three;Digits found: ['7', '3']; Number;73
mnsjjgdlltwodrcfltwo8vninemqlfqsgccl3;Digits found: ['2', '3']; Number;23
sevennfkfvxsqr7twotwonedb;Digits found: ['7', '1']; Number;71
7twonpkjfjmgqxsxpdtninetpsfjlqvv;Digits found: ['7', '9']; Number;79
seventhree328sixscxmpqjlxftwo;Digits found: ['7', '2']; Number;72
3qpxvglmpcgxzrseven9;Digits found: ['3', '9']; Number;39
6onemqrvdmckhmdrzxzkxbjthreeeighttwoql;Digits found: ['6', '2']; Number;62
sevenfdpqqzpbflflgph698eight9;Digits found: ['7', '9']; Number;79
fivedbntvzzdq36two3;Digits found: ['5', '3']; Number;53
8six3fivefivefivesevenpxqpxrjqseven;Digits found: ['8', '7']; Number;87
sixtwoqt4;Digits found: ['6', '4']; Number;64
tmcfive4zkxhvlrvfzhkczpkvbxk1;Digits found: ['5', '1']; Number;51
rbrnxxbfxmbqscltvsixone79three;Digits found: ['6', '3']; Number;63
88sixzqntjsfhqj6three43;Digits found: ['8', '3']; Number;83
pmcfsrpknvbfhrzlvlcffjmfive32323;Digits found: ['5', '3']; Number;53
97rtggjhvvdfive;Digits found: ['9', '5']; Number;95
vtdljvqht1fivefivetwo;Digits found: ['1', '2']; Number;12
88rqtpdz5nine;Digits found: ['8', '9']; Number;89
rtwone725;Digits found: ['2', '5']; Number;25
sghfour2eightgrgpsmfxpchmmpndccgzfzz;Digits found: ['4', '8']; Number;48
kpgrhmtkxzzmdpcdzeighteight2;Digits found: ['8', '2']; Number;82
5bfhbmffeight6;Digits found: ['5', '6']; Number;56
8fqtr17czztqgfour4lx;Digits found: ['8', '4']; Number;84
9xnbmgqgvrtwonevs;Digits found: ['9', '1']; Number;91
1zqsvmcqsxjtp;Digits found: ['1', '1']; Number;11
twollzsslxc37sixoneightp;Digits found: ['2', '8']; Number;28
6bbgl76;Digits found: ['6', '6']; Number;66
58zntvhvgdnh2;Digits found: ['5', '2']; Number;52
three54;Digits found: ['3', '4']; Number;34
fftdddqnninesevenone76;Digits found: ['9', '6']; Number;96
6ddqzjoneeighttwothree;Digits found: ['6', '3']; Number;63
56threetcp46;Digits found: ['5', '6']; Number;56
21six3m;Digits found: ['2', '3']; Number;23
214onethreesp6six;Digits found: ['2', '6']; Number;26
652three6;Digits found: ['6', '6']; Number;66
lvc1onefiveone;Digits found: ['1', '1']; Number;11
6ddrgglstz;Digits found: ['6', '6']; Number;66
twothreerjpb2four55;Digits found: ['2', '5']; Number;25
eight8eightwoh;Digits found: ['8', '2']; Number;82
fivefqckddnine7one61zlkjgxjtqq;Digits found: ['5', '1']; Number;51
gzneightwovlsdvcmvj3qhbfmkdnvqone99;Digits found: ['8', '9']; Number;89
92sixgxsix;Digits found: ['9', '6']; Number;96
64eightxb2six;Digits found: ['6', '6']; Number;66
51fivepbxrzkdzjhsixoneightmt;Digits found: ['5', '8']; Number;58
ninem3nlpdtonefivethree6six;Digits found: ['9', '6']; Number;96
lvxf3nine1eight;Digits found: ['3', '8']; Number;38
vvbvfvtninefive5onezgtsjplxc;Digits found: ['9', '1']; Number;91
qltld5p9tgpmkzrf4;Digits found: ['5', '4']; Number;54
71six;Digits found: ['7', '6']; Number;76
2threergjrcqsixhgjtdkjpqnglzgdpqntnqtzcfcbb3;Digits found: ['2', '3']; Number;23
7xfj5btrml3two;Digits found: ['7', '2']; Number;72
979nzpjkcthcl13tnfour;Digits found: ['9', '4']; Number;94
one1jseven6three7five;Digits found: ['1', '5']; Number;15
tppnljghmhxplmnjgfmpfourtkffqcghxx9four9;Digits found: ['4', '9']; Number;49
396;Digits found: ['3', '6']; Number;36
onettfdjdd5msplxhlqvv12;Digits found: ['1', '2']; Number;12
7mrqgcxbbtwo6seven5oneonesix;Digits found: ['7', '6']; Number;76
hjnq8vbshrbxeight9sixlxznhqgcc;Digits found: ['8', '6']; Number;86
sixzq9nnq4lxzhzmzjmnbtfbkf;Digits found: ['6', '4']; Number;64
vfjhmf3ksgnlzzhsdtwotg9eight;Digits found: ['3', '8']; Number;38
ddztjmr453qghvzrtsgf;Digits found: ['4', '3']; Number;43
55lzcrzseven39;Digits found: ['5', '9']; Number;59
onecggvnjfpone27qrzcrxvp6;Digits found: ['1', '6']; Number;16
286hfzchgcgtcqhr;Digits found: ['2', '6']; Number;26
ngeighteightfive5mbdn;Digits found: ['8', '5']; Number;85
l1five;Digits found: ['1', '5']; Number;15
712onekndmfive6ntrmsk8eightwop;Digits found: ['7', '2']; Number;72
hqgfive512fourhgrm;Digits found: ['5', '4']; Number;54
vpdvhpkngnntqptmsevenoneseven619;Digits found: ['7', '9']; Number;79
ninesevenckpjpxszfv1jzxtptvrdkfourfour;Digits found: ['9', '4']; Number;94
tjlcs5onetxfkq6hzfklslthreeeight;Digits found: ['5', '8']; Number;58
mxjrssqxt7one7hnffgqcgsthree;Digits found: ['7', '3']; Number;73
onefsxjsnzxncsix1rr;Digits found: ['1', '1']; Number;11
four725deight;Digits found: ['4', '8']; Number;48
sgssrlckfourprpsix5rktmjhxksgmvdqmnkndjls;Digits found: ['4', '5']; Number;45
75eightr6three;Digits found: ['7', '3']; Number;73
6threesixx1sixsixcbxxcxvnhsgl;Digits found: ['6', '6']; Number;66
4fiveeightkj9fivemqzvcc;Digits found: ['4', '5']; Number;45
ncgqljseveneight61nbcv;Digits found: ['7', '1']; Number;71
three83pnineskc;Digits found: ['3', '9']; Number;39
fivehninesevensix5;Digits found: ['5', '5']; Number;55
five617twosr6nine;Digits found: ['5', '9']; Number;59
ncjjfvzzmghgq8;Digits found: ['8', '8']; Number;88
2n48twodpnpgq;Digits found: ['2', '2']; Number;22
qpgnxtvhq1jcvtxlfkfour6eighttwoztzddkmpbk;Digits found: ['1', '2']; Number;12
fivevhfxpjtmdj2ninesevennine9two;Digits found: ['5', '2']; Number;52
fivejtxmg4hbctmpnntlpbzfmxqgthreejbjdb;Digits found: ['5', '3']; Number;53
4xgrzszmhx;Digits found: ['4', '4']; Number;44
28four78tmrkfndeighteightwonq;Digits found: ['2', '2']; Number;22
zvnxmbtjqzblnine3five;Digits found: ['9', '5']; Number;95
slmt6onetwo5sixfour;Digits found: ['6', '4']; Number;64
bthreenine3five;Digits found: ['3', '5']; Number;35
3fxjfivevcdmmphtrccptz;Digits found: ['3', '5']; Number;35
8fourksxxsixsevenseventwofour;Digits found: ['8', '4']; Number;84
fpxvbdgqxzdzxone7threeptgzhhqmkxmseven;Digits found: ['1', '7']; Number;17
9six654;Digits found: ['9', '4']; Number;94
foursix6559;Digits found: ['4', '9']; Number;49
9fvsdcbmmghfive8one8oneone;Digits found: ['9', '1']; Number;91
dlxcsjmcjpmmjr64onegtkkqkmhkl1;Digits found: ['6', '1']; Number;61
pxkqbgdfour89;Digits found: ['4', '9']; Number;49
nn88;Digits found: ['8', '8']; Number;88
6sixthree;Digits found: ['6', '3']; Number;63
1zxszmgmfg9drnjzd;Digits found: ['1', '9']; Number;19
eight8onetvgzfzfjqlqtwo2dfhtwo;Digits found: ['8', '2']; Number;82
kcgzq8cxdqphsglsixfivefourdbsjjmdtnxrzt;Digits found: ['8', '4']; Number;84
4threenine3dpflrrtmt;Digits found: ['4', '3']; Number;43
one83five;Digits found: ['1', '5']; Number;15
8sixthreetwonez;Digits found: ['8', '1']; Number;81
3fxnhqrrseven;Digits found: ['3', '7']; Number;37
seven4onetwo;Digits found: ['7', '2']; Number;72
fourbvnvbnineqggx5twovbdzztqccjhqqqnine;Digits found: ['4', '9']; Number;49
qzcdgvninejbrfoursixseven24;Digits found: ['9', '4']; Number;94
vknqxgpgxnl2mrmbxprseven;Digits found: ['2', '7']; Number;27
kfggmlcht8sevenfourkbtdzstpsnine;Digits found: ['8', '9']; Number;89
kxzhchjh77sixmvtceight4seven;Digits found: ['7', '7']; Number;77
five17;Digits found: ['5', '7']; Number;57
eightdgkcrphqsndn7fivevkstrsprktqdrdxqslmjtz;Digits found: ['8', '5']; Number;85
2njqktntzjtwo7;Digits found: ['2', '7']; Number;27
four66;Digits found: ['4', '6']; Number;46
975eightnczdclht;Digits found: ['9', '8']; Number;98
twofour1mlbpb6d;Digits found: ['2', '6']; Number;26
ddleightwo64;Digits found: ['8', '4']; Number;84
2239gksfnlvtg1;Digits found: ['2', '1']; Number;21
jqrmqdkv1mhsjbqhhhjrvftwofour6;Digits found: ['1', '6']; Number;16
fjglfourone74nlxzmxfkbn3three;Digits found: ['4', '3']; Number;43
6pseven1;Digits found: ['6', '1']; Number;61
1nscmsconek3;Digits found: ['1', '3']; Number;13
r182nine23;Digits found: ['1', '3']; Number;13
rqvstbf5seven1;Digits found: ['5', '1']; Number;51
mmtrqgddjone2;Digits found: ['1', '2']; Number;12
n23fivelvprvxstrct5;Digits found: ['2', '5']; Number;25
loneightgmlqfl7nineqrtmzdbbjmnfivepqhgtmb;Digits found: ['1', '5']; Number;15
sixfivefourtwoone3;Digits found: ['6', '3']; Number;63
five39hjjcjktlcsixfive7eight;Digits found: ['5', '8']; Number;58
sixeightthree5three;Digits found: ['6', '3']; Number;63
5threeninebnbgxvnmfknp2dhbdb7nine;Digits found: ['5', '9']; Number;59
5cpljvtxtpbvzbdrdvsdgc23sixtwo;Digits found: ['5', '2']; Number;52
4fiverlflt549;Digits found: ['4', '9']; Number;49
two1onefoursixmzm;Digits found: ['2', '6']; Number;26
4eightjksktjdvxsckgllpzdvblssix;Digits found: ['4', '6']; Number;46
xsxkj81vkstvjjtm5sevenfive;Digits found: ['8', '5']; Number;85
8943qxpcfqpnqtwo;Digits found: ['8', '2']; Number;82
58qnrthreethree1eight5;Digits found: ['5', '5']; Number;55
6gqcfk;Digits found: ['6', '6']; Number;66
49lxnllkqrdgcxdrfv;Digits found: ['4', '9']; Number;49
94nine7six8nine;Digits found: ['9', '9']; Number;99
55six6dgshxnn;Digits found: ['5', '6']; Number;56
sixthreeeightfourbgnhsnjone1;Digits found: ['6', '1']; Number;61
nine3qmpnnzldoneddthreethree;Digits found: ['9', '3']; Number;93
14ljmrtmhmeight8;Digits found: ['1', '8']; Number;18
onetwo4eight31loneighttc;Digits found: ['1', '8']; Number;18
jnkg8lbjjvclcvmbseven3tdvnmrp;Digits found: ['8', '3']; Number;83
7qxklg;Digits found: ['7', '7']; Number;77
7dtwosixthree6;Digits found: ['7', '6']; Number;76
sevenfivesixsgltjpcnthree2;Digits found: ['7', '2']; Number;72
15rzct;Digits found: ['1', '5']; Number;15
tfn4ninevt74nine;Digits found: ['4', '9']; Number;49
1fiveseven68hztpthreexlbbgbqffvthree;Digits found: ['1', '3']; Number;13
svqjgxnmxlpfjc95;Digits found: ['9', '5']; Number;95
nine9bn3njvhp9eight2;Digits found: ['9', '2']; Number;92
92six1threeeightwot;Digits found: ['9', '2']; Number;92
sixfour2nine;Digits found: ['6', '9']; Number;69
nine1bstseven45snndcpmtbq;Digits found: ['9', '5']; Number;95
onesix4rkrglcvmvb;Digits found: ['1', '4']; Number;14
tjccltxqljfourcfbtcqtjd1;Digits found: ['4', '1']; Number;41
fourgqjb7sixeightseven6;Digits found: ['4', '6']; Number;46
6four99nine8dfjp2dhzsfgt;Digits found: ['6', '2']; Number;62
7kfgzrxgm7;Digits found: ['7', '7']; Number;77
3nn3;Digits found: ['3', '3']; Number;33
eightfzqvgrr1skhnqntgvv;Digits found: ['8', '1']; Number;81
8fmghkjzmrkpthcrk6eight9two1;Digits found: ['8', '1']; Number;81
qgvgggrmnine3rl9rnf;Digits found: ['9', '9']; Number;99
seven6jvjfkr;Digits found: ['7', '6']; Number;76
ninetwofourlsbdlmlnsixb9;Digits found: ['9', '9']; Number;99
khqtjbkpdvrdnine6three;Digits found: ['9', '3']; Number;93
pzninebmxq1onefourqtztvzlxf;Digits found: ['9', '4']; Number;94
seven1sixcjcbfv3ninenine;Digits found: ['7', '9']; Number;79
ngtsvjgmcg5mssqdgtsdrqff;Digits found: ['5', '5']; Number;55
1vshninetwolfbfhckb1vfkxv;Digits found: ['1', '1']; Number;11
1six3five;Digits found: ['1', '5']; Number;15
93hsvjggzqcgjbqjvpnine6;Digits found: ['9', '6']; Number;96
dtwo4onefpthree18;Digits found: ['2', '8']; Number;28
4fourfive;Digits found: ['4', '5']; Number;45
nnplsdmt962;Digits found: ['9', '2']; Number;92
five83rzgdpc322threesix;Digits found: ['5', '6']; Number;56
3hcqbfiveppvzvtcbjnvqjz;Digits found: ['3', '5']; Number;35
khh4one2sg;Digits found: ['4', '2']; Number;42
pdtltjqgqzfive8sixone9vhnzbvfnxz;Digits found: ['5', '9']; Number;59
xtrxkfive83three;Digits found: ['5', '3']; Number;53
three75kjjxsixfivefive5scjbbflf;Digits found: ['3', '5']; Number;35
ljfcdxktbnmvbspglnjfive483;Digits found: ['5', '3']; Number;53
eightonespmnrznpptmjvh68eight8;Digits found: ['8', '8']; Number;88
qznqkgvkhlssszmdlvjdjjtbgz2;Digits found: ['2', '2']; Number;22
6sixfourfbxrxfbv9hldlseven;Digits found: ['6', '7']; Number;67
3qzjrffxdthreeoneightbc;Digits found: ['3', '8']; Number;38
three4tfseven2sb;Digits found: ['3', '2']; Number;32
nine87rvkdgmpt;Digits found: ['9', '7']; Number;97
84threetwobjfzvncrkfour;Digits found: ['8', '4']; Number;84
eightsix9plxkppkgpzkfive;Digits found: ['8', '5']; Number;85
2eight4526;Digits found: ['2', '6']; Number;26
hdmqlgnphg1two11;Digits found: ['1', '1']; Number;11
ninekxlrjmmkm34sfvrdlb76lkbzprhnchrz;Digits found: ['9', '6']; Number;96
9one26txfggnctgfive;Digits found: ['9', '5']; Number;95
7pzrqmfivev;Digits found: ['7', '5']; Number;75
ddqknbqxnrxlcrhcmhmr5;Digits found: ['5', '5']; Number;55
eightsix121twohbtkjqljkprzdsmnv;Digits found: ['8', '2']; Number;82
7eight2twoqblcpqqfckfour1;Digits found: ['7', '1']; Number;71
cbnpcjljfninenine9;Digits found: ['9', '9']; Number;99
73eight3eightzfzjs;Digits found: ['7', '8']; Number;78
szfsgstdmtwo2sixjkgxrxbtpdbkt;Digits found: ['2', '6']; Number;26
one722;Digits found: ['1', '2']; Number;12
76eightrvs;Digits found: ['7', '8']; Number;78
five6two7rcss5eightone;Digits found: ['5', '1']; Number;51
9ckcnzponebnpjlznbrfxnkvfpsevenonebz3;Digits found: ['9', '3']; Number;93
sixninedbtpcrz148tzvbhxjk;Digits found: ['6', '8']; Number;68
5zlpdbxk72twotlp6qbkpvjx;Digits found: ['5', '6']; Number;56
3three4sjgfjzzone8xmeight;Digits found: ['3', '8']; Number;38
56tkmpbmsix5seven7;Digits found: ['5', '7']; Number;57
nineeighttqrntnvxrrbkpftwovclttztwo7two;Digits found: ['9', '2']; Number;92
bsxdzgxkcx5five6twoqlbqgjzbc;Digits found: ['5', '2']; Number;52
five22hhlpfiveeight8vrkjcstx6;Digits found: ['5', '6']; Number;56
2psmkkxflgfoursixhjmdxfccbxqb;Digits found: ['2', '6']; Number;26
25kljltwoneggk;Digits found: ['2', '1']; Number;21
3fhtjzffgfph8twozr;Digits found: ['3', '2']; Number;32
eightsevenfbzlr7rqfivefour;Digits found: ['8', '4']; Number;84
one3fourninerl49rlvgnmtlcp;Digits found: ['1', '9']; Number;19
vrzcnn79txgxf5five2cftclqsg8;Digits found: ['7', '8']; Number;78
kbbptjpbvvzcxrsix45prvjcq;Digits found: ['6', '5']; Number;65
one3ninefour2vcpdfkbnineeight;Digits found: ['1', '8']; Number;18
lx1;Digits found: ['1', '1']; Number;11
1oneqphkrtwojczlpmcjseven38oneightgm;Digits found: ['1', '8']; Number;18
xsnzjbzfmb685ninezmgzfkzvpzj5six;Digits found: ['6', '6']; Number;66
547six;Digits found: ['5', '6']; Number;56
21five6z9;Digits found: ['2', '9']; Number;29
5nqcsix1seven9;Digits found: ['5', '9']; Number;59
nine4fbfprrfivevdvjphcqkfourthree;Digits found: ['9', '3']; Number;93
9243five;Digits found: ['9', '5']; Number;95
84zmtwothree;Digits found: ['8', '3']; Number;83
5c;Digits found: ['5', '5']; Number;55
17three;Digits found: ['1', '3']; Number;13
5gvfxttjch74eight;Digits found: ['5', '8']; Number;58
ninegs7hxmgmrzsx;Digits found: ['9', '7']; Number;97
dzxzfknlk5ddgsbsh;Digits found: ['5', '5']; Number;55
475cbbqscvfive;Digits found: ['4', '5']; Number;45
twovjtkcxpxlvqhvgsqfzmthreecg1rctndlmm;Digits found: ['2', '1']; Number;21
nine7eight;Digits found: ['9', '8']; Number;98
eightoneninethreebccrmone9six;Digits found: ['8', '6']; Number;86
twohbjxlfxdd4462;Digits found: ['2', '2']; Number;22
2fivesixdrcmbksthree;Digits found: ['2', '3']; Number;23
24sevenk7;Digits found: ['2', '7']; Number;27
3sixsix28;Digits found: ['3', '8']; Number;38
four66vvjvqhhbhr4;Digits found: ['4', '4']; Number;44
seven4fourfourprhplxheightxkgvgghlseven4;Digits found: ['7', '4']; Number;74
ninegtsqsnk7fourzlmnv9;Digits found: ['9', '9']; Number;99
gpr3q5twoninebqnr6;Digits found: ['3', '6']; Number;36
rxhkdtwo8three2;Digits found: ['2', '2']; Number;22
jljtwonesevenkckbv9four;Digits found: ['2', '4']; Number;24
4scdjjmkpf33;Digits found: ['4', '3']; Number;43
vjfourzrlthreeseventbbzrm8n;Digits found: ['4', '8']; Number;48
two1fourxqlfqbhszveightrqcsprdonenine;Digits found: ['2', '9']; Number;29
mmppkfd745ninexfour;Digits found: ['7', '4']; Number;74
fxeightwo5tftddm8onexpeight;Digits found: ['8', '8']; Number;88
xdbmf415cq92dhmmc;Digits found: ['4', '2']; Number;42
nine3onedcvqdvhtqninepczfhhgbmzeight2;Digits found: ['9', '2']; Number;92
ffsix6seven5ninelg;Digits found: ['6', '9']; Number;69
xtzsnzlvvztq64zhkklcgjrfourlztxlbtgxn9qcx;Digits found: ['6', '9']; Number;69
six1nbqxmq2nxhtvrnrbsflzlztghfzjgfnhmeightone;Digits found: ['6', '1']; Number;61
558;Digits found: ['5', '8']; Number;58
xnhsbblmlp9sevensix;Digits found: ['9', '6']; Number;96
jz8eightonemrbchzmhrjcv;Digits found: ['8', '1']; Number;81
3twoktr;Digits found: ['3', '2']; Number;32
6fourtwosixthree;Digits found: ['6', '3']; Number;63
sixfivefour7;Digits found: ['6', '7']; Number;67
ljbx2nine63four;Digits found: ['2', '4']; Number;24
889g7sixtwoone7;Digits found: ['8', '7']; Number;87
four4one7cztqmheightwompd;Digits found: ['4', '2']; Number;42
ctqnhkqzxgtxrgfzvone45eightfbvjlgkc;Digits found: ['1', '8']; Number;18
8eight35two5;Digits found: ['8', '5']; Number;85
6pvzljrvseven5eight;Digits found: ['6', '8']; Number;68
7zhgjds1;Digits found: ['7', '1']; Number;71
mxv7dtbsbzfive;Digits found: ['7', '5']; Number;75
4sqhcsjb6;Digits found: ['4', '6']; Number;46
954threeoners;Digits found: ['9', '1']; Number;91
63three9zltqkmpbqqpd;Digits found: ['6', '9']; Number;69
6sjknine6phmcxrv1three;Digits found: ['6', '3']; Number;63
threeoneprqcmzrbjjvlvsf2;Digits found: ['3', '2']; Number;32
gbgfr2fivehsplpdnccxkfz;Digits found: ['2', '5']; Number;25
ninefnpxtgzhzvdnr7rftghqrhpv;Digits found: ['9', '7']; Number;97
seven2fourfive2;Digits found: ['7', '2']; Number;72
8sixeight;Digits found: ['8', '8']; Number;88
gcfjqqgbcdp33five42q;Digits found: ['3', '2']; Number;32
fourfourbkrj3fourfivevlpvqbkgvxcfnlnbs;Digits found: ['4', '5']; Number;45
tcgzqgqq77two;Digits found: ['7', '2']; Number;72
nvzgmddmhseven1zbdfjrt17;Digits found: ['7', '7']; Number;77
seven8fiveninethree48;Digits found: ['7', '8']; Number;78
7five8;Digits found: ['7', '8']; Number;78
nine3twoeightfgdkbtph;Digits found: ['9', '8']; Number;98
dzlblf4ninetwoqqj4onetvpbbfdcbvtwo;Digits found: ['4', '2']; Number;42
mcmbfvszjltlzdg7zxzzlrrvfbthreeninethreefdtsvclt;Digits found: ['7', '3']; Number;73
8mzcseventwoeight9kjchpd;Digits found: ['8', '9']; Number;89
sgpddvmkntwo9two;Digits found: ['2', '2']; Number;22
sevencgqkbcsh5;Digits found: ['7', '5']; Number;75
13nine723twofour;Digits found: ['1', '4']; Number;14
twodpdvppxntseventwooneseven1;Digits found: ['2', '1']; Number;21
9jjpxjpxdxxkqjseven;Digits found: ['9', '7']; Number;97
4seven1five;Digits found: ['4', '5']; Number;45
2nineckczklc5h;Digits found: ['2', '5']; Number;25
threekplnxmcjffhpfdhhhvsvsx62zrmbcpgj;Digits found: ['3', '2']; Number;32
35;Digits found: ['3', '5']; Number;35
8gthree;Digits found: ['8', '3']; Number;83
nineffourninethree6two8;Digits found: ['9', '8']; Number;98
1vsmthree67fourchzmone;Digits found: ['1', '1']; Number;11
bxnrzblqnv9xprtmvnfivevkdvqmvfhgxconezvzjlxgjhp;Digits found: ['9', '1']; Number;91
xtqsevenfive7fourmclszsmnqz5;Digits found: ['7', '5']; Number;75
vrxnrvfivegjlqrbdtkksz9;Digits found: ['5', '9']; Number;59
ninefszbsfnhbzzqhbkvxjfive7sixfive5q;Digits found: ['9', '5']; Number;95
eight38nklfskv3sb;Digits found: ['8', '3']; Number;83
5six4three;Digits found: ['5', '3']; Number;53
onezhpqfxgsz3stfsldzdhh;Digits found: ['1', '3']; Number;13
qdtwone72;Digits found: ['2', '2']; Number;22
fttvpkjsf8;Digits found: ['8', '8']; Number;88
8twodxeightbltlrvjjbs;Digits found: ['8', '8']; Number;88
sixninesixfourxzvf5;Digits found: ['6', '5']; Number;65
85twokqdh2skxgnnnnsevenzg;Digits found: ['8', '7']; Number;87
lsjqvnfive4eightjbjceight3;Digits found: ['5', '3']; Number;53
5eightnineglvjmdgjvt4;Digits found: ['5', '4']; Number;54
cfhxfnvnsixfour8twosixsixtwo;Digits found: ['6', '2']; Number;62
hmp27seveneightsix;Digits found: ['2', '6']; Number;26
5two6;Digits found: ['5', '6']; Number;56
d37sixeighteight;Digits found: ['3', '8']; Number;38
9fdbkdm86two;Digits found: ['9', '2']; Number;92
4threefbsjzzkthree723;Digits found: ['4', '3']; Number;43
dgzvfszqpkfpxmvqf7onethree;Digits found: ['7', '3']; Number;73
eight2fkskmljrg12kschgbrbtgmkbdzseven;Digits found: ['8', '7']; Number;87
5sbdhqrsftwoqlfqblrvgghbps6ln;Digits found: ['5', '6']; Number;56
2pkmljtwospqdnflmj;Digits found: ['2', '2']; Number;22
nine1eighthgccrfourseven9;Digits found: ['9', '9']; Number;99
eightjbptmtmmvsevenseven6fourfive;Digits found: ['8', '5']; Number;85
6threeseven6eightdsbpjzc9jsmtxdfour;Digits found: ['6', '4']; Number;64
4ninextnv;Digits found: ['4', '9']; Number;49
threeqjrdnfjlpnine55;Digits found: ['3', '5']; Number;35
1psdrj3g2msfsjktgkv61;Digits found: ['1', '1']; Number;11
sevenfive9xhdcthreenine9jctjthree;Digits found: ['7', '3']; Number;73
636;Digits found: ['6', '6']; Number;66
2threeseven;Digits found: ['2', '7']; Number;27
nnxzzcgrhcgtz4ttnfive;Digits found: ['4', '5']; Number;45
seven9sixone2fbbdfqtdfg;Digits found: ['7', '2']; Number;72
4jgdxjqtbqzprpjdbjc2fivethreeonexlgkxtsdmcrrh;Digits found: ['4', '1']; Number;41
4threepvzzhkmlmbhzhmtb;Digits found: ['4', '3']; Number;43
m5xgplrjqlztvg9;Digits found: ['5', '9']; Number;59
59s68ninerrhkrkxnzm;Digits found: ['5', '9']; Number;59
hknsnsf6;Digits found: ['6', '6']; Number;66
trgpkmkbtlslmpqtdxfourxjspnnmhdtg1nvfxpllcrrbzjrhrstn;Digits found: ['4', '1']; Number;41
92twoj7two4six;Digits found: ['9', '6']; Number;96
tseven377;Digits found: ['7', '7']; Number;77
p49five2;Digits found: ['4', '2']; Number;42
kpffiveeightcsbjz39;Digits found: ['5', '9']; Number;59
8sdmbrxbk;Digits found: ['8', '8']; Number;88
1vxknsvdqnsixkfsevenzqlr9;Digits found: ['1', '9']; Number;19
fiveznrsqthpbddfcpbvhhhjctp9;Digits found: ['5', '9']; Number;59
plbcxgkd4tmprsxn84hdrninetwo2;Digits found: ['4', '2']; Number;42
twoqzqxbkm23brhsppdnvksixtwok;Digits found: ['2', '2']; Number;22
8one5;Digits found: ['8', '5']; Number;85
six45tdxfmcr6;Digits found: ['6', '6']; Number;66
onesix4;Digits found: ['1', '4']; Number;14
fxrl57561ktxfsg;Digits found: ['5', '1']; Number;51
89nine54fiveeight;Digits found: ['8', '8']; Number;88
three62three5one;Digits found: ['3', '1']; Number;31
6mjqxh4scvddlls;Digits found: ['6', '4']; Number;64
nflfourzrrgpvftoneseven43;Digits found: ['4', '3']; Number;43
7sixtf;Digits found: ['7', '6']; Number;76
sixxhxkvgnbz3rbdnvgf;Digits found: ['6', '3']; Number;63
ckq745ninepqk;Digits found: ['7', '9']; Number;79
1snlkqn;Digits found: ['1', '1']; Number;11
ninetqvcllfvcfs62qtt6seven;Digits found: ['9', '7']; Number;97
59khlmz;Digits found: ['5', '9']; Number;59
eightdndsvdcqneight9twonenf;Digits found: ['8', '1']; Number;81
zgcnqqmlgsmfzqbkllvsknsevensix5;Digits found: ['7', '5']; Number;75
8qqxshjnnsp;Digits found: ['8', '8']; Number;88
xfvttdnxhz4sixsjkqhpfszn212three;Digits found: ['4', '3']; Number;43
fivelssnmckseven4ftqt;Digits found: ['5', '4']; Number;54
2qsqpjmcbtvxjgqhhk;Digits found: ['2', '2']; Number;22
tztwone749ninelncrmvthfourpgcbxzxvs;Digits found: ['2', '4']; Number;24
4threecgnjpthnsgxhxbffour8eightsvmjkg5;Digits found: ['4', '5']; Number;45
458sixseven6one1smkjk;Digits found: ['4', '1']; Number;41
seven4fourrgqffqthree7;Digits found: ['7', '7']; Number;77
jhpxqpspbsevenhpfnrpdvfoureight5nsbsfscjlzfive9;Digits found: ['7', '9']; Number;79
sldxjjnjt5dlhdtrmsixxlmgxhvpscqqthree74;Digits found: ['5', '4']; Number;54
8pvfhtpghtwo6;Digits found: ['8', '6']; Number;86
nfknjlfive8;Digits found: ['5', '8']; Number;58
eight7sevenseven9pdvhsevendzpxpghzr;Digits found: ['8', '7']; Number;87
9fgdrgsgdhtwo7238;Digits found: ['9', '8']; Number;98
8nfjgxpcbbmjrhh9765dnlbsfddhf;Digits found: ['8', '5']; Number;85
tkqfc7sixsixsixggqsevenzrjrxtrnh3;Digits found: ['7', '3']; Number;73
fivesix9zmxpjk;Digits found: ['5', '9']; Number;59
four1kvhvnhjcgz;Digits found: ['4', '1']; Number;41
one6sixthreenh4;Digits found: ['1', '4']; Number;14
onesixfourtzkjjlnine1kq8;Digits found: ['1', '8']; Number;18
1xkl;Digits found: ['1', '1']; Number;11
8six5zbonevbtbmvtjvlfive;Digits found: ['8', '5']; Number;85
zmggmrj9eight;Digits found: ['9', '8']; Number;98
5sixeight23;Digits found: ['5', '3']; Number;53
19twobshhmblpkp68;Digits found: ['1', '8']; Number;18
7fivethree22four9tghbrr2;Digits found: ['7', '2']; Number;72
gc3;Digits found: ['3', '3']; Number;33
6qdkjxgpseveneight1seven;Digits found: ['6', '7']; Number;67
7sevenfivegpllcnbvf3khjsqtwoner;Digits found: ['7', '1']; Number;71
3fivefive417;Digits found: ['3', '7']; Number;37
seventhreefthree96hbrjfxlkrninetwo;Digits found: ['7', '2']; Number;72
vhnlzrv4gbdldncbgqrfd5;Digits found: ['4', '5']; Number;45
gfjzvfchlzrnf8fivesixthreeninesevenrsfptjcrb;Digits found: ['8', '7']; Number;87
6nineninelllzx;Digits found: ['6', '9']; Number;69
sevenckthree1;Digits found: ['7', '1']; Number;71
8one77four8sixnsmbhbp;Digits found: ['8', '6']; Number;86
ltcfm386;Digits found: ['3', '6']; Number;36
bcncpxhhgbdtxh19kqkpffqx6;Digits found: ['1', '6']; Number;16
pr95;Digits found: ['9', '5']; Number;95
eightsix7gbtwofourvclrmgfvph4;Digits found: ['8', '4']; Number;84
four6bgzbcthree1kjhkvlh;Digits found: ['4', '1']; Number;41
lbffslczqninesevenr6z;Digits found: ['9', '6']; Number;96
three6lpjrgbfivexzfkprdf;Digits found: ['3', '5']; Number;35
31kmnnffourtwo7dkmmlrdsm;Digits found: ['3', '7']; Number;37
six7fivenbljxg6onesevenzmknhdfive;Digits found: ['6', '5']; Number;65
32five5sggfive;Digits found: ['3', '5']; Number;35
two4four;Digits found: ['2', '4']; Number;24
xlf4rtftmttzk4fhrcbxmxlsjzfour;Digits found: ['4', '4']; Number;44
fivecxrsccjsgdfpfdgpfsix3sevenqgntlgvds;Digits found: ['5', '7']; Number;57
pbdmldone1s;Digits found: ['1', '1']; Number;11
threekpzzth3fivernp;Digits found: ['3', '5']; Number;35
glglvsnineckckdblscv2one9two3;Digits found: ['9', '3']; Number;93
52cvnxlxqdoneone;Digits found: ['5', '1']; Number;51
kjdvcklltsttlncvgrfive9fkspxfhchml;Digits found: ['5', '9']; Number;59
sfxxlhkbhqnvskxd2five;Digits found: ['2', '5']; Number;25
three3ninevndkz2two;Digits found: ['3', '2']; Number;32
3two9six9sixfiveoneightf;Digits found: ['3', '8']; Number;38
36xq;Digits found: ['3', '6']; Number;36
twoeight76;Digits found: ['2', '6']; Number;26
3kfsr1tworhvpqn7zmrp3nine;Digits found: ['3', '9']; Number;39
tvvtqdcx8eight6three6fqsmnd6;Digits found: ['8', '6']; Number;86
3three7;Digits found: ['3', '7']; Number;37
2five3eight;Digits found: ['2', '8']; Number;28
tmzhzsninetjjpmqdrkh6seven8threenine;Digits found: ['9', '9']; Number;99
dsvnxx6;Digits found: ['6', '6']; Number;66
8xzllsdpvrjszlhlmrrsixfourninefzncn9pkgdtlb;Digits found: ['8', '9']; Number;89
four2eight4bdxhqxnjlfg3hkbkp;Digits found: ['4', '3']; Number;43
onehcnf9;Digits found: ['1', '9']; Number;19
twosixktskmcppzx4;Digits found: ['2', '4']; Number;24
xzeightwo1doneseven7sevensix1;Digits found: ['8', '1']; Number;81
fourgbdz85nine;Digits found: ['4', '9']; Number;49
21xrsphxlr711mjeight;Digits found: ['2', '8']; Number;28
one654four;Digits found: ['1', '4']; Number;14
six4sevenxl;Digits found: ['6', '7']; Number;67
sixmqhtms6zp99;Digits found: ['6', '9']; Number;69
497twofour3two;Digits found: ['4', '2']; Number;42
6twoxrjvzhldhfour69twofjjtskmzvls;Digits found: ['6', '2']; Number;62
px98skfppldqkpsix;Digits found: ['9', '6']; Number;96
7qxone8kzzdlqdmsixtzrhrzrhpeight;Digits found: ['7', '8']; Number;78
6eightmdsbrvhnine;Digits found: ['6', '9']; Number;69
onesixjxzx1jbfnjhm3;Digits found: ['1', '3']; Number;13
threerbslfnzsbtjxfcmtxzjtvbdjnqj2;Digits found: ['3', '2']; Number;32
4lbmlrptworkpdtfvnfour;Digits found: ['4', '4']; Number;44
2threelkvzmghvdm;Digits found: ['2', '3']; Number;23
6vrvcbbqv77;Digits found: ['6', '7']; Number;67
gczqmslninepphpbvd896;Digits found: ['9', '6']; Number;96
seven77nsnzeight5vzgvmfrxd;Digits found: ['7', '5']; Number;75
seven46fourfive1ninechrlthdhvnfn;Digits found: ['7', '9']; Number;79
sp2xngkbkqbpvqgd57onenine;Digits found: ['2', '9']; Number;29
7oneonenine38hpqntxsz1hxvc;Digits found: ['7', '1']; Number;71
nine3sixvrsrvfrseven4;Digits found: ['9', '4']; Number;94
seventsvmxxn5sixgm1kdbrkcdfive;Digits found: ['7', '5']; Number;75
5eightnfblfbxrkrrmflg5;Digits found: ['5', '5']; Number;55
fourxltzjthree2;Digits found: ['4', '2']; Number;42
steightwojllrms39threesixvjxflgzkm;Digits found: ['8', '6']; Number;86
25ckxsgcgxjf;Digits found: ['2', '5']; Number;25
lpsztggf4nine73two5;Digits found: ['4', '5']; Number;45
drktgkbkxlqlfvhvr8onesix1qbgjjtcf71;Digits found: ['8', '1']; Number;81
4eights14five;Digits found: ['4', '5']; Number;45
jqjbzqvxcjqjjjhjjk8llseven1knphmcvnjcsfdzp;Digits found: ['8', '1']; Number;81
9qrthreeeightnqpnninexgprcrdsn1rgjt;Digits found: ['9', '1']; Number;91
59snmrlfxhsix;Digits found: ['5', '6']; Number;56
1286;Digits found: ['1', '6']; Number;16
72five81gnc3;Digits found: ['7', '3']; Number;73
sixtffnjthreevmhc64one;Digits found: ['6', '1']; Number;61
three96fournine4ninezr;Digits found: ['3', '9']; Number;39
lrzcgsgdll99;Digits found: ['9', '9']; Number;99
qftkzxrlone8sixeightfour;Digits found: ['1', '4']; Number;14
eight7seveneight;Digits found: ['8', '8']; Number;88
kzkoneightfbptzkfive2sgbcnxg92;Digits found: ['1', '2']; Number;12
v5hdone;Digits found: ['5', '1']; Number;51
onevzfour75cmzkfhklp;Digits found: ['1', '5']; Number;15
cxklnb9fivetbkgjdcvjhqgnmdgrjkmfjqqbjtrzqfdreight3;Digits found: ['9', '3']; Number;93
six6twotwolmggvvxrtwo72;Digits found: ['6', '2']; Number;62
2kcrxxbzkssixnddqsqsk;Digits found: ['2', '6']; Number;26
rpjglmp8onelvzbgvbjxdthreeonelvxdtqnz;Digits found: ['8', '1']; Number;81
sevennine6bvdtwo;Digits found: ['7', '2']; Number;72
16mseven3twojv;Digits found: ['1', '2']; Number;12
hhconeightxrnfvbqhseven3vs;Digits found: ['1', '3']; Number;13
sixnine17;Digits found: ['6', '7']; Number;67
2lcssbzf1three3eightbvqrsmbh;Digits found: ['2', '8']; Number;28
5onezrsvkbpnsix7zjggs4;Digits found: ['5', '4']; Number;54
3eightfive;Digits found: ['3', '5']; Number;35
cpgtwoneonerhgncphbfsrfplbfhxrmmpfive6;Digits found: ['2', '6']; Number;26
4vbsrvggrzxxcxzeighttwo;Digits found: ['4', '2']; Number;42
52nine5;Digits found: ['5', '5']; Number;55
7fourkczfpeightnine3eight;Digits found: ['7', '8']; Number;78
zzleightwo2onecfdsqthreejbcthreerbngllphhsixgp;Digits found: ['8', '6']; Number;86
3sixntzmjnrrone;Digits found: ['3', '1']; Number;31
3threeeight6bqcsdklzpfmbgxxtjs;Digits found: ['3', '6']; Number;36
rrbjsghzclnine833;Digits found: ['9', '3']; Number;93
cfbrmlhqvtpxtpdbbcjj6eight;Digits found: ['6', '8']; Number;68
6twoqmhkgpktkdprrqxpbphjn;Digits found: ['6', '2']; Number;62
cmfv1eight41;Digits found: ['1', '1']; Number;11
fsfdjhbeightfoursevenpmqlcf6mvfive;Digits found: ['8', '5']; Number;85
qmvq9sevenseven7;Digits found: ['9', '7']; Number;97
1sevenjqrsevenfmrsncppbr1six;Digits found: ['1', '6']; Number;16
1eightvcpbnsqhcv56eightzthree;Digits found: ['1', '3']; Number;13
five8dnxkdbsxvd;Digits found: ['5', '8']; Number;58
3l76cbpbdvsix;Digits found: ['3', '6']; Number;36
vdvnbr1xzlssevenszdktcqfsqxtv4;Digits found: ['1', '4']; Number;14
sixtwo9qngsslvmbv39eight;Digits found: ['6', '8']; Number;68
66fjjnc3threexqdctdtkseightbqpphzzm;Digits found: ['6', '8']; Number;68
hsqcqb1sjkdhhdltoneeight5one;Digits found: ['1', '1']; Number;11
1llpgqdfgseightfvssfive;Digits found: ['1', '5']; Number;15
znqqgtlmvxnlcgxr4fourscgzzhz;Digits found: ['4', '4']; Number;44
eight9onetx5vzvqln8gxblpkmtkhcl;Digits found: ['8', '8']; Number;88
eightczhdvmrlm5pmnlnlnine5hxzmlzntdmqldbnfive;Digits found: ['8', '5']; Number;85
one16shmhxdvzbh73dsvgvtpddls;Digits found: ['1', '3']; Number;13
5lph98flssjhz;Digits found: ['5', '8']; Number;58
2psmflmhcbsrvzfive176;Digits found: ['2', '6']; Number;26
qzqz8sevenone;Digits found: ['8', '1']; Number;81
fmhgvseven7fivejdqcsznnone;Digits found: ['7', '1']; Number;71
415dsgfivethreexlfzccgn;Digits found: ['4', '3']; Number;43
qplzvmmhbh598ghnhrmzvxblxncdkrfntvzdtvqr;Digits found: ['5', '8']; Number;58
8fdkghntwophfnpzjllfr9;Digits found: ['8', '9']; Number;89
6rfstqcmdvq9;Digits found: ['6', '9']; Number;69
nmcdsbclthreeonekxnrvqgjxpsevenfour3seven;Digits found: ['3', '7']; Number;37
one72rqpfourdcqrlqpcthree;Digits found: ['1', '3']; Number;13
onefour6;Digits found: ['1', '6']; Number;16
eightoneqqrc18;Digits found: ['8', '8']; Number;88
nine3nrscbxlx4fchjdgnlvvfrnf7jfffbggjt;Digits found: ['9', '7']; Number;97
four8twofivesbpgjnt;Digits found: ['4', '5']; Number;45
8sixtwojhjvhfive;Digits found: ['8', '5']; Number;85
ninefg8xrvpbpgbklkbfrqgdloneeight;Digits found: ['9', '8']; Number;98
pbdggcfoureight5rdsssnj;Digits found: ['4', '5']; Number;45
gxqzltbzfbhfdcqeight3dggjvh9xg9jxq;Digits found: ['8', '9']; Number;89
fm6ninesix;Digits found: ['6', '6']; Number;66
1four8xkdjzkfthone77;Digits found: ['1', '7']; Number;17
fourfourseven514;Digits found: ['4', '4']; Number;44
2vfq9vfzxfmsfrxjxhfqrpc;Digits found: ['2', '9']; Number;29
zckzxj45onep;Digits found: ['4', '1']; Number;41
nine925;Digits found: ['9', '5']; Number;95
nineone1eightsixkcd8ndvhj5;Digits found: ['9', '5']; Number;95
fourfoureighthbhrnsix5seven;Digits found: ['4', '7']; Number;47
mpr9sevenzm5;Digits found: ['9', '5']; Number;95
two415;Digits found: ['2', '5']; Number;25
two2ddgkzt66sevenmdzhdzhdmzjmvrrnd;Digits found: ['2', '7']; Number;27
vntvkmtqm252;Digits found: ['2', '2']; Number;22
bktbrctxtwoqbjls7;Digits found: ['2', '7']; Number;27
seventwo26;Digits found: ['7', '6']; Number;76
22threezlhpkpmzsnbshpgt;Digits found: ['2', '3']; Number;23
1pktkpfppxbjf8;Digits found: ['1', '8']; Number;18
one1jzlvq;Digits found: ['1', '1']; Number;11
24fivek4;Digits found: ['2', '4']; Number;24
84two;Digits found: ['8', '2']; Number;82
1sevensixeight13pvp2;Digits found: ['1', '2']; Number;12
xvndrn85k5nr6nzgcdhlzvf8;Digits found: ['8', '8']; Number;88
ninefour1;Digits found: ['9', '1']; Number;91
rhztwosix7;Digits found: ['2', '7']; Number;27
eight4five5sevenlzbhmsprsj;Digits found: ['8', '7']; Number;87
7seven1kmzsjl8jpdssncpvcjxczdvsk4six;Digits found: ['7', '6']; Number;76
zcmpfqzfxlfsxkmscs4lctqonepjkg4nine;Digits found: ['4', '9']; Number;49
8onesevenzlxflf9four;Digits found: ['8', '4']; Number;84
threefoursix3five;Digits found: ['3', '5']; Number;35
292mhsbgktzmlqk1fourone4;Digits found: ['2', '4']; Number;24
pnnftwo5;Digits found: ['2', '5']; Number;25
kpjmxmseven6;Digits found: ['7', '6']; Number;76
fiveonetwoqbptwo4hmzhhfmvfqbgjk;Digits found: ['5', '4']; Number;54
one4bkzjstxgrv2dvzbdfztfive7three9;Digits found: ['1', '9']; Number;19
monetwo6fbxbphkpdtwo2ninenvphvnxhxk;Digits found: ['1', '9']; Number;19
6mgmbthree9bnine3seven5;Digits found: ['6', '5']; Number;65
eightvsfnsdkgh7fourninernvkrfcx;Digits found: ['8', '9']; Number;89
fourxglll561;Digits found: ['4', '1']; Number;41
3eightsixeight72six7;Digits found: ['3', '7']; Number;37
4fiveflsgrgznjfbsvgvbrgnm;Digits found: ['4', '5']; Number;45
763;Digits found: ['7', '3']; Number;73
nine57qmhfgctmnp;Digits found: ['9', '7']; Number;97
eight579xgpsr;Digits found: ['8', '9']; Number;89
sbpbb215jnsfoursix;Digits found: ['2', '6']; Number;26
dfghm9mrcpfthree974;Digits found: ['9', '4']; Number;94
bh7threeqvhttfqt;Digits found: ['7', '3']; Number;73
seven7kssmdclhfd;Digits found: ['7', '7']; Number;77
qdltfdhsvz5threekftjfdqbn;Digits found: ['5', '3']; Number;53
four8dxncfjhvpsxdseven3kcpmpfvnfb;Digits found: ['4', '3']; Number;43
nine1eightwox;Digits found: ['9', '2']; Number;92
vvcfdjlpcrfnnmbcx4eight9mtcfqqqfl5fourfive;Digits found: ['4', '5']; Number;45
qbcxpccssl9kvqtjncjdxsrpp8sixbnmq;Digits found: ['9', '6']; Number;96
sixonexjgqthdnrpfivetgnxqv1;Digits found: ['6', '1']; Number;61
eightthree33ngpkqtqgtkmcfgqqgj313;Digits found: ['8', '3']; Number;83
onezfnlseven1;Digits found: ['1', '1']; Number;11
2threefhcs;Digits found: ['2', '3']; Number;23
3nineeightzmpvjqrvcb1tkmchzjtsrfllv;Digits found: ['3', '1']; Number;31
58cjnxhzfknnkj4ninezvskrvrc;Digits found: ['5', '9']; Number;59
hthree16zdtbfnlx;Digits found: ['3', '6']; Number;36
tzqcksevenfour3foursix5;Digits found: ['7', '5']; Number;75
qbbzz1threesevenone;Digits found: ['1', '1']; Number;11
onegfzhlthree12;Digits found: ['1', '2']; Number;12
gpjjzfiveone21qbrjdrz7;Digits found: ['5', '7']; Number;57
xcpjznj54fivesevenfiveq;Digits found: ['5', '5']; Number;55
gsevenflcgfcmqtrzstrmnine9two;Digits found: ['7', '2']; Number;72
7nrsmkbqffnnvfpjgb;Digits found: ['7', '7']; Number;77
tfhnnmpbzq67six;Digits found: ['6', '6']; Number;66
52jhltfzqhfprmtgbmhg;Digits found: ['5', '2']; Number;52
vchpblqmsvffourzkndtsg7;Digits found: ['4', '7']; Number;47
eightsevenvgfpttr62hmfzf4f;Digits found: ['8', '4']; Number;84
eight4four1tsvfq;Digits found: ['8', '1']; Number;81
4sevensix;Digits found: ['4', '6']; Number;46
vrkmjrrxnbgjbxfqxllp17four1bdm6;Digits found: ['1', '6']; Number;16
2kqfd4threefour5;Digits found: ['2', '5']; Number;25
44m;Digits found: ['4', '4']; Number;44
foursevenrxzjfftwo5twothree;Digits found: ['4', '3']; Number;43
eight4xbxqplmknhjhzm9fivetwozjrzjp;Digits found: ['8', '2']; Number;82
twojtjvdmgkjsstbdgl3bhhhzvllm6qxpzxjbgn;Digits found: ['2', '6']; Number;26
sixeight3sevenone;Digits found: ['6', '1']; Number;61
sixfour5m5;Digits found: ['6', '5']; Number;65
fqlftfrtsj9;Digits found: ['9', '9']; Number;99
rpjlhht2xxnnkqktkxteightsevensix;Digits found: ['2', '6']; Number;26
five3vbklfdmpsevenone2thxcmzktlz;Digits found: ['5', '2']; Number;52
fivefour7lxhg;Digits found: ['5', '7']; Number;57
49gcb8fqc3fnstcnmdneighttwo;Digits found: ['4', '2']; Number;42
2vd;Digits found: ['2', '2']; Number;22
6tfpxszrkdsgphdsblkqfk;Digits found: ['6', '6']; Number;66
43rjxkfgdm4gkxnvdfxs;Digits found: ['4', '4']; Number;44
6225eight3;Digits found: ['6', '3']; Number;63
8one35four3;Digits found: ['8', '3']; Number;83
prsevennineeightfour8;Digits found: ['7', '8']; Number;78
twozqdxfg363zczthree;Digits found: ['2', '3']; Number;23
eight9vcncjcbxhnfeight;Digits found: ['8', '8']; Number;88
meightjdg2vp73;Digits found: ['8', '3']; Number;83
seventhree9dzdhprp;Digits found: ['7', '9']; Number;79
btwoninegnfpfhxkvv3;Digits found: ['2', '3']; Number;23
threegkxmmxzsmblsjfds8seven;Digits found: ['3', '7']; Number;37
crbbpggzbfsjb8kqqgk9fourflghlzbgseven;Digits found: ['8', '7']; Number;87
sixsix85eight5;Digits found: ['6', '5']; Number;65
nmrvnmgdrtwo8three;Digits found: ['2', '3']; Number;23
gqntwoneseven95eight1vtthdng1cgvxlvstgm;Digits found: ['2', '1']; Number;21
oneqcftjqnxckthreegtsxfjbrmv2;Digits found: ['1', '2']; Number;12
threekdfzqhqeight54four7twonep;Digits found: ['3', '1']; Number;31
525xtwomtcgmfhbjninepkpjjsf;Digits found: ['5', '9']; Number;59
1sevenxvgjdznvnjftwolvmjmg;Digits found: ['1', '2']; Number;12
ppbgncvclfive45;Digits found: ['5', '5']; Number;55
three6386qxzsvxpbz4onejt;Digits found: ['3', '1']; Number;31
szxc93tfh;Digits found: ['9', '3']; Number;93
zdxgxlj9nine;Digits found: ['9', '9']; Number;99
9kkmgczf;Digits found: ['9', '9']; Number;99
4six3six97qcxxgmppgkll;Digits found: ['4', '7']; Number;47
6fivethreefourtwo;Digits found: ['6', '2']; Number;62
nine9qpngcdftwo1seven7kzsjxqbggxone;Digits found: ['9', '1']; Number;91
sevenninegfjkxkbptwo7nine3xjgsxh;Digits found: ['7', '3']; Number;73
6srqfplffour81threefive3;Digits found: ['6', '3']; Number;63
869;Digits found: ['8', '9']; Number;89
nnsjzlrjcsnpd7zcfive;Digits found: ['7', '5']; Number;75
fivenmndbmjngpsvkjsbqxvncm6qjzcktnsevennlxpbkchk;Digits found: ['5', '7']; Number;57
three4eightwol;Digits found: ['3', '2']; Number;32
2gnbninedt;Digits found: ['2', '9']; Number;29
1twoninefour8;Digits found: ['1', '8']; Number;18
5lb;Digits found: ['5', '5']; Number;55
cdczlxgxpdqvkcqbfivet3;Digits found: ['5', '3']; Number;53
nxxxreight158mvrhngveight;Digits found: ['8', '8']; Number;88
811dsqsscjgfive2;Digits found: ['8', '2']; Number;82
nine8nine16gxqxcj6three;Digits found: ['9', '3']; Number;93
dqjdfksftwohrrhzlcxd12vblpmsqrrfourshg;Digits found: ['2', '4']; Number;24
345dstjsbllcnine;Digits found: ['3', '9']; Number;39
4three6vnzfssrqrg;Digits found: ['4', '6']; Number;46
mlcmlvlmcseven72mcqlzfnpm2;Digits found: ['7', '2']; Number;72
ninegflbrbv6twosvfive;Digits found: ['9', '5']; Number;95
nineninerjmnhlthreenine3;Digits found: ['9', '3']; Number;93
zvsqxdggl9dxppmcmc389fourvpeight;Digits found: ['9', '8']; Number;98
2fiveeighthtfvpndpn8mt3two;Digits found: ['2', '2']; Number;22
33tshvcbgtggone6;Digits found: ['3', '6']; Number;36
1sevenfivextsfpsix;Digits found: ['1', '6']; Number;16
frmhtjxcnztfhtgtr5;Digits found: ['5', '5']; Number;55
8jjsclsqgfourthree7lvct75;Digits found: ['8', '5']; Number;85
62vqnhqct4;Digits found: ['6', '4']; Number;64
2jlvv55;Digits found: ['2', '5']; Number;25
lszrone3eight19ggpnine;Digits found: ['1', '9']; Number;19
8fivexxxrkzrppslbf8threexsskbkjcc;Digits found: ['8', '3']; Number;83
pvpxjrnnp11rmgfhbpbninesmbfpcpseven;Digits found: ['1', '7']; Number;17
seven8pfzgsbgjqtneight;Digits found: ['7', '8']; Number;78
rdksixnzmxgppj6qkftmcthgl9;Digits found: ['6', '9']; Number;69
32three1;Digits found: ['3', '1']; Number;31
bnxd75;Digits found: ['7', '5']; Number;75
mzlcnxgdddfpqkp6hjjpnnine31;Digits found: ['6', '1']; Number;61
135gnzr9brblpnk;Digits found: ['1', '9']; Number;19
vvninerkskndtjq8zst4sixnine;Digits found: ['9', '9']; Number;99
fivexdstdtfshcchblmknlneight5fncvl;Digits found: ['5', '5']; Number;55
7mhjsq7ninetwo3tbnkglngltwo;Digits found: ['7', '2']; Number;72
threeninesix5567;Digits found: ['3', '7']; Number;37
2four14fzrsjr;Digits found: ['2', '4']; Number;24
9sixkl9;Digits found: ['9', '9']; Number;99
rftbrjfour4;Digits found: ['4', '4']; Number;44
onemtjqqdrtjgkbv1plcgtxtwoonefoureight;Digits found: ['1', '8']; Number;18
6fourqsgfkqdnspzstbrhzxbthreeqxrshrfdbk1jrxptfhjfld;Digits found: ['6', '1']; Number;61
sevensix9;Digits found: ['7', '9']; Number;79
one75two9fourxdjmzjv;Digits found: ['1', '4']; Number;14
one8rbvxt;Digits found: ['1', '8']; Number;18
skzg13;Digits found: ['1', '3']; Number;13
ninesevent3;Digits found: ['9', '3']; Number;93
mcrgx49qbpzcqqbx;Digits found: ['4', '9']; Number;49
threebsevensix9nine54six;Digits found: ['3', '6']; Number;36
1bjgnlhtxgx;Digits found: ['1', '1']; Number;11
71crfour;Digits found: ['7', '4']; Number;74
3nkjflkqpjz61gzsffxlncmxg8;Digits found: ['3', '8']; Number;38
rhppr943fourmmjm;Digits found: ['9', '4']; Number;94
rvmthreevbvxqhrhglvrh869;Digits found: ['3', '9']; Number;39
6sixfivexgshnkmx26;Digits found: ['6', '6']; Number;66
3srgvnbcsreighttfnjcs782;Digits found: ['3', '2']; Number;32
87ninenjhxpnrhljkvnms3;Digits found: ['8', '3']; Number;83
foursix1rfgvmxqfrninekthjjk;Digits found: ['4', '9']; Number;49
fourtqbjqcmsgnine1twoxgvqdhbnloneeight;Digits found: ['4', '8']; Number;48
hhzdrttjvbzdngnqv2;Digits found: ['2', '2']; Number;22
kbm71;Digits found: ['7', '1']; Number;71
qzmtwonexlzbv2eightfrjmhld6;Digits found: ['2', '6']; Number;26
27mdxfj49kzkzdspbxvktm;Digits found: ['2', '9']; Number;29
three8cvfqmntngvmhddgqdgonetjgnnzggjz9xqlxffgsc;Digits found: ['3', '9']; Number;39
ckd3fourtwo5vzv;Digits found: ['3', '5']; Number;35
lhbvlseven41bdrkzmshkxone;Digits found: ['7', '1']; Number;71
6fourthreefourthreeskhdk;Digits found: ['6', '3']; Number;63
377dtljbhvfdr4ngqdqfbfournsnt;Digits found: ['3', '4']; Number;34
rvbkddqrfm8rpfive;Digits found: ['8', '5']; Number;85
1ninethree;Digits found: ['1', '3']; Number;13
zjhbkjrb5qvtjbcgpkvksbsszpqjfcrgrcqggdtc;Digits found: ['5', '5']; Number;55
73nine9pslhnpmxjjfourthree;Digits found: ['7', '3']; Number;73
91nine5xndjkx7;Digits found: ['9', '7']; Number;97
four17crgvnqtwoxqxfcsbbbsjlsjhsfll;Digits found: ['4', '2']; Number;42
five9twobqlgcdpk4;Digits found: ['5', '4']; Number;54
pblrzfive7ninetzfiverhlslrsone;Digits found: ['5', '1']; Number;51
7bltone;Digits found: ['7', '1']; Number;71
3eightthree16;Digits found: ['3', '6']; Number;36
nineone54hspfngxzhzh;Digits found: ['9', '4']; Number;94
7sixzxqlsqqsvfouronethree6;Digits found: ['7', '6']; Number;76
8kklgfmqvntwonine9;Digits found: ['8', '9']; Number;89
dznsskrrfchdnm2fxcvqvf3eight;Digits found: ['2', '8']; Number;28
cmfkrlslhgzprgkfive6seven;Digits found: ['5', '7']; Number;57
4threethree;Digits found: ['4', '3']; Number;43
threesix2fkzsjkr6six;Digits found: ['3', '6']; Number;36
8bcqmshjlnfivecrjtcsznrfive;Digits found: ['8', '5']; Number;85
11nine3six;Digits found: ['1', '6']; Number;16
326one1zvdzc;Digits found: ['3', '1']; Number;31
1sjttzbstpx6sgfzpgdltxseven15bvrbmccbzkbgdnkkhpd;Digits found: ['1', '5']; Number;15
9bbpksbnpdm;Digits found: ['9', '9']; Number;99
3rtcztcr;Digits found: ['3', '3']; Number;33
bk1sevenjbmncfiveninejp;Digits found: ['1', '9']; Number;19
seven62hjvttpk;Digits found: ['7', '2']; Number;72
rsnqnlgfgrxk8sfxhrlgmc1jnjgctclr7;Digits found: ['8', '7']; Number;87
3sbmxlshf5five4;Digits found: ['3', '4']; Number;34
8nprjs;Digits found: ['8', '8']; Number;88
three89;Digits found: ['3', '9']; Number;39
four399ljmdptjbgkthree;Digits found: ['4', '3']; Number;43
cthxllrzbseveneight7four;Digits found: ['7', '4']; Number;74
3gzvsfnxfive;Digits found: ['3', '5']; Number;35
pjbgbnine1rphbcrhgnine2;Digits found: ['9', '2']; Number;92
56fourcsfpfnntpkfcsqkkp6oneightlsv;Digits found: ['5', '8']; Number;58
fourmn5kqgvk;Digits found: ['4', '5']; Number;45
96twoseven;Digits found: ['9', '7']; Number;97
2bk;Digits found: ['2', '2']; Number;22
8nineninesevenvxfnqlsrnxbr;Digits found: ['8', '7']; Number;87
fivetnxmljplldd3six;Digits found: ['5', '6']; Number;56
qtzcgtlh9;Digits found: ['9', '9']; Number;99
gtnkglkd3twoqgqhj6dpfgqtpptg;Digits found: ['3', '6']; Number;36
7jvxsltntrksjzsix;Digits found: ['7', '6']; Number;76
three95fivebpvtzh;Digits found: ['3', '5']; Number;35
3kxxfvsseven;Digits found: ['3', '7']; Number;37
157xvtnfkqnsbvpxlrdmjszrpmpfive;Digits found: ['1', '5']; Number;15
7threeseventwo7twoseven5;Digits found: ['7', '5']; Number;75
rcmzjxg1csdhdkvfhxppsixfivethree;Digits found: ['1', '3']; Number;13
nvgfnine38onezdbhhgtmshc;Digits found: ['9', '1']; Number;91
2ngoneninex;Digits found: ['2', '9']; Number;29
1eight57ggvqjmsixonefour;Digits found: ['1', '4']; Number;14
dhq7hzhmbzdhzjxhdtwo32;Digits found: ['7', '2']; Number;72
ggdone3nbmsthreefourninefiveoneightpr;Digits found: ['1', '8']; Number;18
fourvzgnfnhkkp2;Digits found: ['4', '2']; Number;42
j47three8sevenfivenfkd;Digits found: ['4', '5']; Number;45
twotwo4seven1fqklblqbdxcmtch;Digits found: ['2', '1']; Number;21
Total sum of calibration Values: 55343;;;
;;;
Process finished with exit code 0;;;
